track,logic
model_validation,QF_ABV
model_validation,QF_ABVFP
model_validation,QF_ABVFPLRA
model_validation,QF_ALIA
model_validation,QF_ANIA
model_validation,QF_AUFBV
model_validation,QF_AUFBVFP
model_validation,QF_AUFLIA
model_validation,QF_AUFNIA
model_validation,QF_AX
model_validation,QF_DT
model_validation,QF_NIA
model_validation,QF_NIRA
model_validation,QF_NRA
model_validation,QF_UFBVDT
model_validation,QF_UFDT
model_validation,QF_UFDTLIA
model_validation,QF_UFDTLIRA
model_validation,QF_UFDTNIA
model_validation,QF_UFFPDTNIRA
model_validation,QF_UFNIA
model_validation,QF_UFNRA
