benchmark,status
ABV/20230321-UltimateAutomizerSvcomp2023/sll_to_dll_rev-2.i_41.smt2,unsat
ABV/20230321-UltimateAutomizerSvcomp2023/dll2c_update_all.i_87.smt2,unsat
ABV/20230321-UltimateAutomizerSvcomp2023/shared_mem1.i_7.smt2,unsat
ABV/20230321-UltimateAutomizerSvcomp2023/sll2n_append_unequal.i_35.smt2,unsat
ABV/20230321-UltimateAutomizerSvcomp2023/shared_mem1.i_5.smt2,unsat
ABV/20230321-UltimateAutomizerSvcomp2023/shared_mem1.i_12.smt2,unsat
ABV/20230321-UltimateAutomizerSvcomp2023/sll_to_dll_rev-1.i_10.smt2,unsat
LIA/psyco/073.smt2,sat
LIA/psyco/038.smt2,sat
LIA/psyco/009.smt2,sat
LIA/psyco/042.smt2,sat
LIA/psyco/082.smt2,sat
LIA/psyco/175.smt2,sat
LIA/psyco/180.smt2,sat
LIA/psyco/122.smt2,sat
LIA/psyco/158.smt2,sat
LIA/psyco/113.smt2,sat
LIA/psyco/077.smt2,sat
LIA/psyco/015.smt2,sat
LIA/psyco/086.smt2,sat
LIA/psyco/024.smt2,sat
LIA/psyco/028.smt2,sat
LIA/psyco/063.smt2,sat
LIA/psyco/136.smt2,sat
LIA/psyco/019.smt2,sat
LIA/psyco/194.smt2,sat
LIA/psyco/030.smt2,sat
LIA/psyco/154.smt2,sat
LIA/psyco/092.smt2,sat
LIA/psyco/001.smt2,sat
LIA/psyco/056.smt2,sat
LIA/psyco/190.smt2,sat
LIA/psyco/103.smt2,sat
LIA/psyco/067.smt2,sat
LIA/psyco/188.smt2,sat
LIA/psyco/161.smt2,sat
LIA/psyco/005.smt2,sat
LIA/psyco/034.smt2,sat
LIA/psyco/096.smt2,sat
LIA/psyco/106.smt2,sat
LIA/psyco/029.smt2,sat
LIA/psyco/053.smt2,sat
LIA/psyco/137.smt2,sat
LIA/psyco/195.smt2,sat
LIA/psyco/031.smt2,sat
LIA/psyco/093.smt2,sat
LIA/psyco/164.smt2,sat
LIA/psyco/057.smt2,sat
LIA/psyco/133.smt2,sat
LIA/psyco/178.smt2,sat
LIA/psyco/149.smt2,sat
LIA/psyco/189.smt2,sat
LIA/psyco/039.smt2,sat
LIA/psyco/116.smt2,sat
LIA/psyco/072.smt2,sat
LIA/psyco/185.smt2,sat
LIA/psyco/043.smt2,sat
LIA/psyco/127.smt2,sat
LIA/psyco/083.smt2,sat
LIA/psyco/021.smt2,sat
LIA/psyco/145.smt2,sat
LIA/psyco/168.smt2,sat
LIA/psyco/047.smt2,sat
LIA/psyco/112.smt2,sat
LIA/psyco/076.smt2,sat
LIA/psyco/159.smt2,sat
LIA/psyco/170.smt2,sat
LIA/psyco/087.smt2,sat
LIA/psyco/025.smt2,sat
LIA/psyco/141.smt2,sat
LIA/psyco/104.smt2,sat
LIA/psyco/089.smt2,sat
LIA/psyco/051.smt2,sat
LIA/psyco/091.smt2,sat
LIA/psyco/078.smt2,sat
LIA/psyco/033.smt2,sat
LIA/psyco/166.smt2,sat
LIA/psyco/049.smt2,sat
LIA/psyco/193.smt2,sat
LIA/psyco/055.smt2,sat
LIA/psyco/131.smt2,sat
LIA/psyco/129.smt2,sat
LIA/psyco/095.smt2,sat
LIA/psyco/037.smt2,sat
LIA/psyco/153.smt2,sat
LIA/psyco/118.smt2,sat
LIA/psyco/099.smt2,sat
LIA/psyco/114.smt2,sat
LIA/psyco/041.smt2,sat
LIA/psyco/125.smt2,sat
LIA/psyco/023.smt2,sat
LIA/psyco/068.smt2,sat
LIA/psyco/081.smt2,sat
LIA/psyco/045.smt2,sat
LIA/psyco/121.smt2,sat
LIA/psyco/110.smt2,sat
LIA/psyco/074.smt2,sat
LIA/psyco/172.smt2,sat
LIA/psyco/139.smt2,sat
LIA/psyco/108.smt2,sat
LIA/psyco/027.smt2,sat
LIA/psyco/143.smt2,sat
LIA/psyco/085.smt2,sat
LIA/psyco/098.smt2,sat
LIA/psyco/115.smt2,sat
LIA/psyco/071.smt2,sat
LIA/psyco/040.smt2,sat
LIA/psyco/124.smt2,sat
LIA/psyco/069.smt2,sat
LIA/psyco/146.smt2,sat
LIA/psyco/080.smt2,sat
LIA/psyco/177.smt2,sat
LIA/psyco/044.smt2,sat
LIA/psyco/120.smt2,sat
LIA/psyco/111.smt2,sat
LIA/psyco/075.smt2,sat
LIA/psyco/173.smt2,sat
LIA/psyco/142.smt2,sat
LIA/psyco/084.smt2,sat
LIA/psyco/061.smt2,sat
LIA/psyco/088.smt2,sat
LIA/psyco/196.smt2,sat
LIA/psyco/050.smt2,sat
LIA/psyco/134.smt2,sat
LIA/psyco/032.smt2,sat
LIA/psyco/079.smt2,sat
LIA/psyco/048.smt2,sat
LIA/psyco/003.smt2,sat
LIA/psyco/054.smt2,sat
LIA/psyco/130.smt2,sat
LIA/psyco/065.smt2,sat
LIA/psyco/007.smt2,sat
LIA/psyco/094.smt2,sat
LIA/psyco/036.smt2,sat
NIA/psyco/182.smt2,sat
NIA/psyco/183.smt2,sat
NIA/psyco/059.smt2,sat
QF_AUFBV/20210301-Alive2-partial-undef/gcc/204_gcc.smt2,unsat
QF_BVFP/20170428-Liew-KLEE/imperial_gsl_benchmarks_blas_klee_correct.x86_64/query.4.smt2,unsat
QF_BVFP/20170428-Liew-KLEE/imperial_gsl_benchmarks_differentiation_klee.x86_64/query.10.smt2,unsat
QF_FP/griggio/fmcad12/test_v5_r15_vr10_c1_s25268.smt2,unsat
QF_FP/griggio/fmcad12/newton.1.3.i.smt2,unsat
QF_FP/griggio/fmcad12/newton.5.2.i.smt2,unsat
QF_FP/griggio/fmcad12/newton.2.2.i.smt2,unsat
QF_FP/griggio/fmcad12/test_v5_r15_vr10_c1_s14516.smt2,unsat
QF_FP/griggio/fmcad12/test_v7_r12_vr1_c1_s10576.smt2,unsat
QF_FP/griggio/fmcad12/test_v5_r10_vr10_c1_s15708.smt2,unsat
QF_FP/griggio/fmcad12/test_v7_r12_vr1_c1_s22787.smt2,unsat
QF_FP/griggio/fmcad12/mul_000003_30000_1.smt2,unsat
QF_FP/griggio/fmcad12/newton.4.2.i.smt2,unsat
QF_FP/griggio/fmcad12/newton.3.2.i.smt2,unsat
QF_FP/griggio/fmcad12/newton.4.3.i.smt2,unsat
QF_FP/griggio/fmcad12/newton.3.1.i.smt2,unsat
QF_FP/griggio/fmcad12/test_v7_r7_vr1_c1_s24449.smt2,unsat
QF_FP/griggio/fmcad12/newton.3.3.i.smt2,unsat
QF_FP/griggio/fmcad12/test_v5_r10_vr10_c1_s7608.smt2,unsat
QF_FP/griggio/fmcad12/newton.1.2.i.smt2,unsat
QF_FP/griggio/fmcad12/test_v7_r17_vr1_c1_s30331.smt2,unsat
QF_FP/griggio/fmcad12/newton.5.3.i.smt2,unsat
QF_FP/griggio/fmcad12/newton.2.3.i.smt2,unsat
QF_FP/ramalho/esbmc/newton_2_5_true-unreach-call-main.smt2,unsat
QF_FP/ramalho/esbmc/newton_2_1_true-unreach-call-main.smt2,unsat
QF_FP/ramalho/esbmc/newton_2_3_true-unreach-call-main.smt2,unsat
QF_FP/ramalho/esbmc/sine_4_true-unreach-call-main.smt2,unsat
QF_FP/ramalho/esbmc/newton_3_5_true-unreach-call-main.smt2,unsat
QF_FP/ramalho/esbmc/newton_3_1_true-unreach-call-main.smt2,unsat
QF_FP/ramalho/esbmc/newton_3_3_true-unreach-call-main.smt2,unsat
QF_FP/ramalho/esbmc/newton_3_2_true-unreach-call-main.smt2,unsat
QF_FP/ramalho/esbmc/newton_3_4_true-unreach-call-main.smt2,unsat
QF_FP/ramalho/esbmc/newton_2_2_true-unreach-call-main.smt2,unsat
QF_FP/ramalho/esbmc/newton_2_4_true-unreach-call-main.smt2,unsat
QF_FP/schanda/spark/user_rule_1.smt2,unsat
QF_SLIA/20180523-Reynolds/pyex/peterc-pyex-doc-cav17-z3/httplib2/httplib2-www-authenticate/c1ca66aa577228365d0bf3bd012047a134a819e0a2e0dfe61da8a421.smt2,unsat
QF_SLIA/20180523-Reynolds/pyex/peterc-pyex-doc-cav17-z3/requests/requests-url-auth/483d030b8ecd1af42a0bb793093ccfbc79901957d821ebcfca9ac668.smt2,unsat
QF_SLIA/20180523-Reynolds/pyex/peterc-pyex-doc-cav17-z3/requests/requests-url-auth/33c266cde9566fe9a5e2b9599980c5d3e7fa66d64e059ccc9a667b19.smt2,unsat
QF_SLIA/20180523-Reynolds/pyex/peterc-pyex-doc-cav17-z3/requests/requests-url-auth/61c825ac017d85520fb89abe9958214bfbfdd4fbfd1cfac20f1bf19a.smt2,unsat
QF_SLIA/20180523-Reynolds/pyex/peterc-pyex-doc-cav17-zz/httplib2/httplib2-www-authenticate/a9369ec41b53a25080969d19107c7570ad6cbd34f7ad0a33c6c40177.smt2,unsat
QF_SLIA/2019-full_str_int/py-conbyte_cvc4/leetcode_int-add_binary/620.smt2,sat
QF_SLIA/2019-full_str_int/py-conbyte_cvc4/leetcode_int-add_binary/691.smt2,sat
QF_SLIA/2019-full_str_int/py-conbyte_cvc4/leetcode_int-numDecodings/31.smt2,sat
QF_SLIA/2019-full_str_int/py-conbyte_z3seq/leetcode_int-add_binary/1025.smt2,sat
QF_SLIA/2019-full_str_int/py-conbyte_z3seq/leetcode_int-add_binary/628.smt2,sat
QF_SLIA/2019-full_str_int/py-conbyte_z3seq/leetcode_int-add_binary/855.smt2,sat
QF_SLIA/2019-full_str_int/py-conbyte_z3seq/leetcode_int-add_binary/1054.smt2,sat
QF_SLIA/2019-full_str_int/py-conbyte_z3seq/leetcode_int-add_binary/679.smt2,sat
QF_SLIA/2019-Jiang/slent/slent_stranger_str_rep_19543_sink.smt2,sat
QF_SLIA/20230403-webapp/lan-rep/lan_replace44.smt2,sat
UF/20170428-Barrett/cdt-cade2015/nada/afp/abstract_completeness/x2015_09_10_16_59_50_724_1058126.smt_in.smt2,sat
UF/20170428-Barrett/cdt-cade2015/nada/afp/coinductive_list/x2015_09_10_17_18_50_427_2851946.smt_in.smt2,sat
UF/20170428-Barrett/cdt-cade2015/nada/afp/coinductive_list/x2015_09_10_17_03_41_217_1925781.smt_in.smt2,sat
UF/20170428-Barrett/cdt-cade2015/nada/afp/coinductive_list/x2015_09_10_17_03_13_484_1890219.smt_in.smt2,sat
UF/20170428-Barrett/cdt-cade2015/nada/afp/coinductive_list/x2015_09_10_17_04_40_247_2009063.smt_in.smt2,sat
UF/20170428-Barrett/cdt-cade2015/nada/afp/coinductive_stream/x2015_09_10_17_23_56_589_1174452.smt_in.smt2,sat
UF/20170428-Barrett/cdt-cade2015/nada/afp/tllist/x2015_09_10_16_59_11_365_1257713.smt_in.smt2,sat
UF/20170428-Barrett/cdt-cade2015/nada/afp/tllist/x2015_09_10_16_57_59_065_1178352.smt_in.smt2,sat
UF/20170428-Barrett/cdt-cade2015/nada/afp/tllist/x2015_09_10_16_57_47_387_1166245.smt_in.smt2,sat
UFDT/20170428-Barrett/rec-fun-ijcar2016/wo-wdf/isa_nun_bench_v4_enc/nunchaku1853963.nun.smt2,sat
UFDT/20170428-Barrett/rec-fun-ijcar2016/wo-wdf/isa_nun_bench_v4_enc/nunchaku2889168.nun.smt2,sat
UFDT/20170428-Barrett/rec-fun-ijcar2016/wo-wdf/isa_nun_bench_v4_enc/nunchaku2148262.nun.smt2,sat
UFDT/20170428-Barrett/rec-fun-ijcar2016/wo-wdf/isa_nun_bench_v4_enc/nunchaku2314363.nun.smt2,sat
UFDT/20170428-Barrett/rec-fun-ijcar2016/wo-wdf/isa_nun_bench_v4_enc/nunchaku2164862.nun.smt2,sat
UFDT/20170428-Barrett/rec-fun-ijcar2016/wo-wdf/isa_nun_bench_v4_enc/nunchaku1895055.nun.smt2,sat
UFDT/20170428-Barrett/rec-fun-ijcar2016/wo-wdf/isa_nun_bench_v4_enc/nunchaku2161300.nun.smt2,sat
UFDT/20170428-Barrett/rec-fun-ijcar2016/wo-wdf/isa_nun_bench_v4_enc/nunchaku1770761.nun.smt2,sat
UFDT/20170428-Barrett/rec-fun-ijcar2016/wo-wdf/isa_nun_bench_v4_enc/nunchaku3371070.nun.smt2,sat
UFDT/20170428-Barrett/rec-fun-ijcar2016/wo-wdf/isa_nun_bench_v4_enc/nunchaku2078493.nun.smt2,sat
UFDT/20170428-Barrett/rec-fun-ijcar2016/wo-wdf/isa_nun_bench_v4_enc/nunchaku2709573.nun.smt2,sat
UFDT/20170428-Barrett/rec-fun-ijcar2016/wo-wdf/isa_nun_bench_v4_enc/nunchaku2513247.nun.smt2,sat
UFDT/20170428-Barrett/rec-fun-ijcar2016/wo-wdf/isa_nun_bench_v4_enc/nunchaku2463347.nun.smt2,sat
UFDT/20170428-Barrett/rec-fun-ijcar2016/wo-wdf/isa_nun_bench_v4_enc/nunchaku2129737.nun.smt2,sat
UFDT/20170428-Barrett/rec-fun-ijcar2016/wo-wdf/isa_nun_bench_v4_enc/nunchaku3078232.nun.smt2,sat
UFDT/20170428-Barrett/rec-fun-ijcar2016/wo-wdf/isa_nun_bench_v4_enc/nunchaku1894981.nun.smt2,sat
UFDT/20170428-Barrett/rec-fun-ijcar2016/wo-wdf/isa_nun_bench_v4_enc/nunchaku2067302.nun.smt2,sat
UFDT/20170428-Barrett/rec-fun-ijcar2016/wo-wdf/isa_nun_bench_v4_enc/nunchaku3040613.nun.smt2,sat
UFDT/20170428-Barrett/rec-fun-ijcar2016/wo-wdf/isa_nun_bench_v4_enc/nunchaku1826184.nun.smt2,sat
UFDT/20170428-Barrett/rec-fun-ijcar2016/wo-wdf/isa_nun_bench_v4_enc/nunchaku2172541.nun.smt2,sat
UFDT/20170428-Barrett/rec-fun-ijcar2016/wo-wdf/isa_nun_bench_v4_enc/nunchaku3361632.nun.smt2,sat
UFDT/20170428-Barrett/rec-fun-ijcar2016/wo-wdf/isa_nun_bench_v4_enc/nunchaku2561571.nun.smt2,sat
UFDT/20170428-Barrett/rec-fun-ijcar2016/wo-wdf/isa_nun_bench_v4_enc/nunchaku2050962.nun.smt2,sat
UFDT/20170428-Barrett/rec-fun-ijcar2016/wo-wdf/isa_nun_bench_v4_enc/nunchaku3329191.nun.smt2,sat
UFDT/20170428-Barrett/rec-fun-ijcar2016/wo-wdf/isa_nun_bench_v4_enc/nunchaku3400945.nun.smt2,sat
UFDT/20170428-Barrett/rec-fun-ijcar2016/wo-wdf/isa_nun_bench_v4_enc/nunchaku2670080.nun.smt2,sat
UFDT/20170428-Barrett/rec-fun-ijcar2016/wo-wdf/isa_nun_bench_v4_enc/nunchaku2463341.nun.smt2,sat
UFDT/20170428-Barrett/rec-fun-ijcar2016/wo-wdf/isa_nun_bench_v4_enc/nunchaku2816252.nun.smt2,sat
UFDT/20170428-Barrett/rec-fun-ijcar2016/wo-wdf/isa_nun_bench_v4_enc/nunchaku1826208.nun.smt2,sat
UFDT/20170428-Barrett/rec-fun-ijcar2016/wo-wdf/isa_nun_bench_v4_enc/nunchaku2164874.nun.smt2,sat
UFDT/20170428-Barrett/rec-fun-ijcar2016/wo-wdf/isa_nun_bench_v4_enc/nunchaku2532293.nun.smt2,sat
UFDT/20170428-Barrett/rec-fun-ijcar2016/wo-wdf/isa_nun_bench_v4_enc/nunchaku3056721.nun.smt2,sat
UFDT/20170428-Barrett/rec-fun-ijcar2016/wo-wdf/isa_nun_bench_v4_enc/nunchaku1770767.nun.smt2,sat
UFDT/20170428-Barrett/rec-fun-ijcar2016/wo-wdf/isa_nun_bench_v4_enc/nunchaku2144183.nun.smt2,sat
UFDT/20170428-Barrett/rec-fun-ijcar2016/wo-wdf/isa_nun_bench_v4_enc/nunchaku2087893.nun.smt2,sat
UFDT/20170428-Barrett/rec-fun-ijcar2016/wo-wdf/isa_nun_bench_v4_enc/nunchaku2476172.nun.smt2,sat
UFDT/20170428-Barrett/rec-fun-ijcar2016/wo-wdf/isa_nun_bench_v4_enc/nunchaku2074661.nun.smt2,sat
UFDT/20170428-Barrett/rec-fun-ijcar2016/wo-wdf/isa_nun_bench_v4_enc/nunchaku2889162.nun.smt2,sat
UFDT/20170428-Barrett/rec-fun-ijcar2016/wo-wdf/isa_nun_bench_v4_enc/nunchaku2094302.nun.smt2,sat
UFDT/20170428-Barrett/rec-fun-ijcar2016/wo-wdf/isa_nun_bench_v4_enc/nunchaku2137895.nun.smt2,sat
UFDT/20170428-Barrett/rec-fun-ijcar2016/wo-wdf/isa_nun_bench_v4_enc/nunchaku1894993.nun.smt2,sat
UFDT/20170428-Barrett/rec-fun-ijcar2016/wo-wdf/isa_nun_bench_v4_enc/nunchaku1853969.nun.smt2,sat
UFDT/20170428-Barrett/rec-fun-ijcar2016/wo-wdf/isa_nun_bench_v4_enc/nunchaku1894975.nun.smt2,sat
UFDT/20170428-Barrett/rec-fun-ijcar2016/wo-wdf/isa_nun_bench_v4_enc/nunchaku2816246.nun.smt2,sat
UFDT/20170428-Barrett/rec-fun-ijcar2016/wo-wdf/isa_nun_bench_v4_enc/nunchaku2305566.nun.smt2,sat
UFDT/20170428-Barrett/rec-fun-ijcar2016/wo-wdf/isa_nun_bench_v4_enc/nunchaku2090247.nun.smt2,sat
UFDT/20170428-Barrett/rec-fun-ijcar2016/wo-wdf/isa_nun_bench_v4_enc/nunchaku2521120.nun.smt2,sat
UFDT/20170428-Barrett/rec-fun-ijcar2016/wo-wdf/isa_nun_bench_v4_enc/nunchaku2078499.nun.smt2,sat
UFDT/20170428-Barrett/rec-fun-ijcar2016/wo-wdf/isa_nun_bench_v4_enc/nunchaku3400951.nun.smt2,sat
UFDT/20170428-Barrett/rec-fun-ijcar2016/wo-wdf/isa_nun_bench_v4_enc/nunchaku2262797.nun.smt2,sat
UFDT/20170428-Barrett/rec-fun-ijcar2016/wo-wdf/isa_nun_bench_v4_enc/nunchaku2164868.nun.smt2,sat
UFDT/20170428-Barrett/rec-fun-ijcar2016/wo-wdf/isa_nun_bench_v4_enc/nunchaku2172535.nun.smt2,sat
UFDT/20170428-Barrett/rec-fun-ijcar2016/wo-wdf/isa_nun_bench_v4_enc/nunchaku2553411.nun.smt2,sat
UFDT/20170428-Barrett/rec-fun-ijcar2016/wo-wdf/isa_nun_bench_v4_enc/nunchaku2144171.nun.smt2,sat
UFDT/20170428-Barrett/rec-fun-ijcar2016/wo-wdf/isa_nun_bench_v4_enc/nunchaku2032288.nun.smt2,sat
UFDT/20170428-Barrett/rec-fun-ijcar2016/wo-wdf/isa_nun_bench_v4_enc/nunchaku2513265.nun.smt2,sat
UFDT/20170428-Barrett/rec-fun-ijcar2016/wo-wdf/isa_nun_bench_v4_enc/nunchaku3078238.nun.smt2,sat
UFDT/20170428-Barrett/rec-fun-ijcar2016/wo-wdf/isa_nun_bench_v4_enc/nunchaku2148250.nun.smt2,sat
UFDT/20170428-Barrett/rec-fun-ijcar2016/wo-wdf/isa_nun_bench_v4_enc/nunchaku3318593.nun.smt2,sat
UFDT/20170428-Barrett/rec-fun-ijcar2016/wo-wdf/isa_nun_bench_v4_enc/nunchaku2129755.nun.smt2,sat
UFDT/20170428-Barrett/rec-fun-ijcar2016/wo-wdf/isa_nun_bench_v4_enc/nunchaku3078250.nun.smt2,sat
UFDT/20170428-Barrett/rec-fun-ijcar2016/wo-wdf/isa_nun_bench_v4_enc/nunchaku2521138.nun.smt2,sat
UFDT/20170428-Barrett/rec-fun-ijcar2016/wo-wdf/isa_nun_bench_v4_enc/nunchaku2463335.nun.smt2,sat
UFDT/20170428-Barrett/rec-fun-ijcar2016/wo-wdf/isa_nun_bench_v4_enc/nunchaku1844724.nun.smt2,sat
UFDT/20170428-Barrett/rec-fun-ijcar2016/wo-wdf/isa_nun_bench_v4_enc/nunchaku2078505.nun.smt2,sat
UFDT/20170428-Barrett/rec-fun-ijcar2016/wo-wdf/isa_nun_bench_v4_enc/nunchaku1813986.nun.smt2,sat
UFDT/20170428-Barrett/rec-fun-ijcar2016/wo-wdf/isa_nun_bench_v4_enc/nunchaku2513253.nun.smt2,sat
UFDT/20170428-Barrett/rec-fun-ijcar2016/wo-wdf/isa_nun_bench_v4_enc/nunchaku2709567.nun.smt2,sat
UFDT/20170428-Barrett/rec-fun-ijcar2016/wo-wdf/isa_nun_bench_v4_enc/nunchaku1826202.nun.smt2,sat
UFDT/20170428-Barrett/rec-fun-ijcar2016/wo-wdf/isa_nun_bench_v4_enc/nunchaku2476196.nun.smt2,sat
UFDT/20170428-Barrett/rec-fun-ijcar2016/wo-wdf/isa_nun_bench_v4_enc/nunchaku2553417.nun.smt2,sat
UFDT/20170428-Barrett/rec-fun-ijcar2016/wo-wdf/isa_nun_bench_v4_enc/nunchaku2262791.nun.smt2,sat
UFDT/20170428-Barrett/rec-fun-ijcar2016/wo-wdf/isa_nun_bench_v4_enc/nunchaku2090241.nun.smt2,sat
UFDT/20170428-Barrett/rec-fun-ijcar2016/wo-wdf/isa_nun_bench_v4_enc/nunchaku1979332.nun.smt2,sat
UFDT/20170428-Barrett/rec-fun-ijcar2016/wo-wdf/isa_nun_bench_v4_enc/nunchaku2816270.nun.smt2,sat
UFDT/20170428-Barrett/rec-fun-ijcar2016/wo-wdf/isa_nun_bench_v4_enc/nunchaku3078226.nun.smt2,sat
UFDT/20170428-Barrett/rec-fun-ijcar2016/wo-wdf/isa_nun_bench_v4_enc/nunchaku2189489.nun.smt2,sat
UFDT/20170428-Barrett/rec-fun-ijcar2016/wo-wdf/isa_nun_bench_v4_enc/nunchaku2094314.nun.smt2,sat
UFDT/20170428-Barrett/rec-fun-ijcar2016/wo-wdf/isa_nun_bench_v4_enc/nunchaku1910193.nun.smt2,sat
UFDTLIRA/20200306-Kanig/spark2014bench/NB04-027__classwide_prepost__derived.ads_8_20_stronger_classwide_post___00.smt2,sat
UFDTLIRA/20200306-Kanig/spark2014bench/M611-010__no_return__no_return.adb_14_7_raise___00.smt2,sat
UFDTLIRA/20200306-Kanig/spark2014bench/TU__type_invariant__legal__type_invariant_legal.ads_7_13_invariant_check___00.smt2,sat
UFDTLIRA/20200306-Kanig/spark2014bench/M611-010__no_return_illegal__no_return_illegal.adb_11_7_raise___00.smt2,sat
UFDTLIRA/20200306-Kanig/spark2014bench/K302-029__basic__pack.ads_9_48_postcondition___00.smt2,sat
UFDTLIRA/20200306-Kanig/spark2014bench/P413-011__elaboration_issue_init2__p1.adb_5_18_assert___00.smt2,sat
UFDTLIRA/20200306-Kanig/spark2014bench/P413-011__elaboration_issue_init2__p2.adb_5_18_assert___00.smt2,sat
UFDTLIRA/20200306-Kanig/spark2014bench/riposte__logic__logic.adb_88_38_unreachable_branch___00.smt2,sat
UFDTLIRA/20200306-Kanig/spark2014bench/K302-029__basic__pack.ads_5_48_postcondition___00.smt2,sat
UFDTLIRA/20200306-Kanig/spark2014bench/Q504-024__predicate__bar.adb_5_25_assert___00.smt2,sat
UFDTLIRA/20200306-Kanig/spark2014bench/K322-009__pack.ads_8_19_postcondition___00.smt2,sat
UFDTLIRA/20200306-Kanig/spark2014bench/O831-003__do333_mode_logic_qgen__offside_fd_on_implies_modes_on.adb_64_22_assert___00.smt2,sat
UFDTLIRA/20200306-Kanig/spark2014bench/riposte__logic__logic.adb_138_37_unreachable_branch___00.smt2,sat
UFDTLIRA/20200306-Kanig/spark2014bench/K302-029__basic__pack.ads_7_48_postcondition___00.smt2,sat
UFDTLIRA/20200306-Kanig/spark2014bench/N317-015__mutual_recursive__no_inlining.ads_6_14_postcondition___00.smt2,sat
UFDTLIRA/20200306-Kanig/spark2014bench/K324-014__hidden__qack.adb_12_19_postcondition___00.smt2,sat
UFDTLIRA/20200306-Kanig/spark2014bench/O831-003__do333_mode_logic_qgen__ap_engaged_implies_modes_on.adb_64_22_assert___00.smt2,sat
BV/20230321-UltimateAutomizerSvcomp2023/heapsort.i_0.smt2,unsat
BV/20230321-UltimateAutomizerSvcomp2023/heapsort.i_3.smt2,unsat
BV/20230321-UltimateAutomizerSvcomp2023/heapsort.i_8.smt2,unsat
BV/20230321-UltimateAutomizerSvcomp2023/heapsort.i_9.smt2,unsat
QF_ABV/egt/egt-0534.smt2,unsat
QF_ABV/egt/egt-1474.smt2,unsat
QF_FP/griggio/fmcad12/test_v7_r12_vr1_c1_s703.smt2,unsat
QF_NRA/hycomp/ball_count_2d_plain.03.seq_lazy_lemmas_global_10.smt2,sat
